arm,load_kbps,p50_ms,p99_ms,p999_ms,gt30_pct,tot,timeouts
naive,0,11.0,19.0,26.0,0.06,7795,0
naive,25,11.0,40.0,49.0,7.01,7021,0
naive,50,11.0,43.5,56.0,17.32,6235,0
naive,75,11.0,43.5,58.0,29.87,5460,0
naive,100,17.5,52.0,71.0,47.43,4569,0
naive,125,33.0,55.0,67.0,79.05,3479,0
naive,150,34.0,60.5,74.5,99.93,2928,0
polite,0,11.0,19.0,19.0,0.0,7922,0
polite,25,11.0,24.5,30.0,0.19,7454,0
polite,50,11.0,26.0,29.0,0.1,6984,0
polite,75,11.0,26.0,31.0,0.22,6516,0
polite,100,19.0,26.0,31.5,0.35,6022,0
polite,125,19.0,27.0,34.0,0.4,5528,0
polite,150,19.0,27.5,34.0,0.52,5185,0
