transport,duplex,stack,fsu,interval_ms,tput_kbps
GATT,oneway,open,fsu,7.5,178
GATT,duplex,open,fsu,7.5,178
CoC,oneway,open,fsu,7.5,134.6
GATT,oneway,open,off,7.5,153
GATT,duplex,open,off,7.5,181
CoC,oneway,open,off,7.5,125.8
GATT,oneway,sdc,fsu,7.5,148
GATT,duplex,sdc,fsu,7.5,178
CoC,oneway,sdc,fsu,7.5,152.2
GATT,oneway,sdc,off,7.5,118
GATT,duplex,sdc,off,7.5,176
CoC,oneway,sdc,off,7.5,120.6
GATT,oneway,open,fsu,15,174
GATT,duplex,open,fsu,15,178
CoC,oneway,open,fsu,15,134.7
GATT,oneway,open,off,15,144
GATT,duplex,open,off,15,174
CoC,oneway,open,off,15,130.5
GATT,oneway,sdc,fsu,15,159
GATT,duplex,sdc,fsu,15,180
CoC,oneway,sdc,fsu,15,155.1
GATT,oneway,sdc,off,15,134
GATT,duplex,sdc,off,15,178
CoC,oneway,sdc,off,15,135.8
GATT,oneway,open,fsu,25,169
GATT,duplex,open,fsu,25,190
CoC,oneway,open,fsu,25,138.4
GATT,oneway,open,off,25,147
GATT,duplex,open,off,25,174
CoC,oneway,open,off,25,142.3
GATT,oneway,sdc,fsu,25,165
GATT,duplex,sdc,fsu,25,189
CoC,oneway,sdc,fsu,25,143.7
GATT,oneway,sdc,off,25,144
GATT,duplex,sdc,off,25,158
CoC,oneway,sdc,off,25,133.2
GATT,oneway,open,fsu,37.5,160
GATT,duplex,open,fsu,37.5,175
CoC,oneway,open,fsu,37.5,128.2
GATT,oneway,open,off,37.5,133
GATT,duplex,open,off,37.5,164
CoC,oneway,open,off,37.5,130.7
GATT,oneway,sdc,fsu,37.5,150
GATT,duplex,sdc,fsu,37.5,176
CoC,oneway,sdc,fsu,37.5,155.1
GATT,oneway,sdc,off,37.5,139
GATT,duplex,sdc,off,37.5,159
CoC,oneway,sdc,off,37.5,127.0
GATT,oneway,open,fsu,50,156
GATT,duplex,open,fsu,50,180
CoC,oneway,open,fsu,50,133.7
GATT,oneway,open,off,50,138
GATT,duplex,open,off,50,158
CoC,oneway,open,off,50,135.5
GATT,oneway,sdc,fsu,50,159
GATT,duplex,sdc,fsu,50,175
CoC,oneway,sdc,fsu,50,152.5
GATT,oneway,sdc,off,50,136
GATT,duplex,sdc,off,50,156
CoC,oneway,sdc,off,50,128.4
GATT,oneway,open,fsu,75,153
GATT,duplex,open,fsu,75,167
CoC,oneway,open,fsu,75,129.9
GATT,oneway,open,off,75,129
GATT,duplex,open,off,75,151
CoC,oneway,open,off,75,135.6
GATT,oneway,sdc,fsu,75,134
GATT,duplex,sdc,fsu,75,172
CoC,oneway,sdc,fsu,75,152.7
GATT,oneway,sdc,off,75,131
GATT,duplex,sdc,off,75,155
CoC,oneway,sdc,off,75,127.2
GATT,oneway,open,fsu,100,135
GATT,duplex,open,fsu,100,161
CoC,oneway,open,fsu,100,131.3
GATT,oneway,open,off,100,124
GATT,duplex,open,off,100,148
CoC,oneway,open,off,100,136.8
GATT,oneway,sdc,fsu,100,132
GATT,duplex,sdc,fsu,100,159
CoC,oneway,sdc,fsu,100,146.4
GATT,oneway,sdc,off,100,112
GATT,duplex,sdc,off,100,150
CoC,oneway,sdc,off,100,129.7
