run,fwd_KiBps,rev_KiBps,n_fwd,n_rev,aggregate,imbalance_pct,flags
dx-open75-run1,91.66666666666667,91.64018691588785,213,214,183.30685358255454,0.03,
dx-open75-run2,90.99530516431925,90.92056074766356,213,214,181.9158659119828,0.08,
dx-open75-run3,91.53990610328638,91.50934579439253,213,214,183.04925189767891,0.03,
dx-open75-run4,88.77464788732394,88.77102803738318,213,214,177.5456759247071,0.0,
dx-open75-run5,89.8075117370892,89.83644859813084,213,214,179.64396033522004,0.03,
dx-sdc75-run1,92.29665071770334,92.260663507109,209,211,184.55731422481233,0.04,
dx-sdc75-run2,89.94835680751174,89.88785046728972,213,214,179.83620727480147,0.07,
dx-sdc75-run3,91.0469483568075,91.02325581395348,213,215,182.07020417076097,0.03,
dx-sdc75-run4,89.7699530516432,89.83720930232558,213,215,179.60716235396876,0.07,
dx-sdc75-run5,87.98591549295774,88.0046511627907,213,215,175.99056665574844,0.02,
dxpair1-A,87.8177570093458,87.8,214,215,175.61775700934578,0.02,
dxpair1-B,99.82242990654206,99.7860465116279,214,215,199.60847641816997,0.04,
dxpair2-B,99.6588785046729,99.6588785046729,214,214,199.3177570093458,0.0,
dxpair2-A,87.95327102803738,87.98598130841121,214,214,175.9392523364486,0.04,
dxpair3-B,100.86915887850468,100.87793427230046,214,213,201.74709315080514,0.01,
dxpair3-A,89.9766355140187,89.99532710280374,214,214,179.97196261682245,0.02,
dxpair4-A,88.42523364485982,88.38967136150235,214,213,176.81490500636215,0.04,
dxpair4-B,100.58411214953271,100.53521126760563,214,213,201.11932341713833,0.05,
dxpair5-A,87.33177570093459,87.33644859813084,214,214,174.66822429906543,0.01,
dxpair5-B,100.91588785046729,100.90140845070422,214,213,201.8172963011715,0.01,
dxpair6-B,99.48598130841121,99.45070422535211,214,213,198.93668553376332,0.04,
dxpair6-A,84.92990654205607,84.92990654205607,214,214,169.85981308411215,0.0,
