arm,target_KiBps,achieved_KiBps,mean_rtt_ms,max_rtt_ms,secs,ach_n
open,0,0.0,12.11,34.4,55,50
open,25,24.0,13.77,56.5,55,50
open,50,49.4,15.60,56.5,55,50
open,75,74.7,18.10,64.9,55,50
open,100,99.5,20.85,41.5,55,50
open,125,124.5,25.51,41.5,55,50
open,150,149.0,31.99,56.5,55,50
sdc,0,0.0,11.92,19.4,55,50
sdc,25,24.5,14.16,49.4,55,50
sdc,50,49.6,17.34,82.7,55,50
sdc,75,74.5,23.61,94.4,55,50
sdc,100,98.9,30.50,100.5,55,50
sdc,125,122.8,39.01,91.6,55,50
sdc,150,124.6,40.09,77.6,55,50
sdcfsu,0,0.0,11.92,19.4,55,50
sdcfsu,25,24.0,13.57,41.9,55,50
sdcfsu,50,49.0,16.00,64.4,55,50
sdcfsu,75,74.5,18.65,56.9,55,50
sdcfsu,100,99.4,22.21,42.2,55,50
sdcfsu,125,123.5,28.83,86.9,55,50
sdcfsu,150,143.8,34.91,79.4,55,50
