transport,duplex,controller,fsu,interval_ms,metric,value
GATT,oneway,open,fsu,7.5,tput,175
GATT,duplex,open,fsu,7.5,tput,181
CoC,oneway,open,fsu,7.5,tput,148.9
GATT,oneway,open,off,7.5,tput,150
GATT,duplex,open,off,7.5,tput,178
CoC,oneway,open,off,7.5,tput,140.2
-,-,open,-,7.5,rtt_ms,12.1
GATT,oneway,sdc,fsu,7.5,tput,150
GATT,duplex,sdc,fsu,7.5,tput,173
CoC,oneway,sdc,fsu,7.5,tput,142.9
GATT,oneway,sdc,off,7.5,tput,120
GATT,duplex,sdc,off,7.5,tput,173
CoC,oneway,sdc,off,7.5,tput,124.8
-,-,sdc,-,7.5,rtt_ms,
GATT,oneway,open,fsu,15,tput,173
GATT,duplex,open,fsu,15,tput,176
CoC,oneway,open,fsu,15,tput,170.0
GATT,oneway,open,off,15,tput,140
GATT,duplex,open,off,15,tput,165
CoC,oneway,open,off,15,tput,138.0
-,-,open,-,15,rtt_ms,28.0
GATT,oneway,sdc,fsu,15,tput,160
GATT,duplex,sdc,fsu,15,tput,174
CoC,oneway,sdc,fsu,15,tput,143.2
GATT,oneway,sdc,off,15,tput,131
GATT,duplex,sdc,off,15,tput,176
CoC,oneway,sdc,off,15,tput,132.0
-,-,sdc,-,15,rtt_ms,
GATT,oneway,open,fsu,25,tput,172
GATT,duplex,open,fsu,25,tput,185
CoC,oneway,open,fsu,25,tput,166.1
GATT,oneway,open,off,25,tput,146
GATT,duplex,open,off,25,tput,171
CoC,oneway,open,off,25,tput,142.3
-,-,open,-,25,rtt_ms,47.8
GATT,oneway,sdc,fsu,25,tput,162
GATT,duplex,sdc,fsu,25,tput,181
CoC,oneway,sdc,fsu,25,tput,144.4
GATT,oneway,sdc,off,25,tput,142
GATT,duplex,sdc,off,25,tput,172
CoC,oneway,sdc,off,25,tput,131.2
-,-,sdc,-,25,rtt_ms,
GATT,oneway,open,fsu,37.5,tput,162
GATT,duplex,open,fsu,37.5,tput,181
CoC,oneway,open,fsu,37.5,tput,160.5
GATT,oneway,open,off,37.5,tput,133
GATT,duplex,open,off,37.5,tput,157
CoC,oneway,open,off,37.5,tput,136.0
-,-,open,-,37.5,rtt_ms,73.0
GATT,oneway,sdc,fsu,37.5,tput,153
GATT,duplex,sdc,fsu,37.5,tput,171
CoC,oneway,sdc,fsu,37.5,tput,141.9
GATT,oneway,sdc,off,37.5,tput,138
GATT,duplex,sdc,off,37.5,tput,155
CoC,oneway,sdc,off,37.5,tput,125.3
-,-,sdc,-,37.5,rtt_ms,
GATT,oneway,open,fsu,50,tput,150
GATT,duplex,open,fsu,50,tput,171
CoC,oneway,open,fsu,50,tput,132.5
GATT,oneway,open,off,50,tput,133
GATT,duplex,open,off,50,tput,159
CoC,oneway,open,off,50,tput,125.7
-,-,open,-,50,rtt_ms,77.5
GATT,oneway,sdc,fsu,50,tput,143
GATT,duplex,sdc,fsu,50,tput,175
CoC,oneway,sdc,fsu,50,tput,143.0
GATT,oneway,sdc,off,50,tput,126
GATT,duplex,sdc,off,50,tput,149
CoC,oneway,sdc,off,50,tput,124.3
-,-,sdc,-,50,rtt_ms,
GATT,oneway,open,fsu,75,tput,148
GATT,duplex,open,fsu,75,tput,156
CoC,oneway,open,fsu,75,tput,114.3
GATT,oneway,open,off,75,tput,121
GATT,duplex,open,off,75,tput,150
CoC,oneway,open,off,75,tput,117.6
-,-,open,-,75,rtt_ms,72.5
GATT,oneway,sdc,fsu,75,tput,132
GATT,duplex,sdc,fsu,75,tput,166
CoC,oneway,sdc,fsu,75,tput,141.2
GATT,oneway,sdc,off,75,tput,121
GATT,duplex,sdc,off,75,tput,153
CoC,oneway,sdc,off,75,tput,125.9
-,-,sdc,-,75,rtt_ms,
GATT,oneway,open,fsu,100,tput,136
GATT,duplex,open,fsu,100,tput,147
CoC,oneway,open,fsu,100,tput,107.9
GATT,oneway,open,off,100,tput,120
GATT,duplex,open,off,100,tput,142
CoC,oneway,open,off,100,tput,100.1
-,-,open,-,100,rtt_ms,100.5
GATT,oneway,sdc,fsu,100,tput,124
GATT,duplex,sdc,fsu,100,tput,155
CoC,oneway,sdc,fsu,100,tput,143.1
GATT,oneway,sdc,off,100,tput,119
GATT,duplex,sdc,off,100,tput,138
CoC,oneway,sdc,off,100,tput,127.4
-,-,sdc,-,100,rtt_ms,
